loss,mape,val_loss,val_mape
0.025576064363121986,405697.59375,0.016366221010684967,139.49151611328125
0.014726631343364716,187783.765625,0.014065406285226345,74.52523040771484
0.01373567245900631,179957.59375,0.013120144605636597,73.98870086669922
