loss,mape,val_loss,val_mape
0.029543394222855568,465297.09375,0.017168235033750534,73898.25
0.01733292266726494,166044.390625,0.014960036613047123,73386.765625
0.0161308441311121,147864.640625,0.013969605788588524,79456.6796875
