loss,mape,val_loss,val_mape
0.06053313612937927,399514.625,0.014928598888218403,1312461.625
0.025936691090464592,185814.953125,0.014280896633863449,1002291.4375
0.023358259350061417,158387.84375,0.01512868981808424,1033540.25
