loss,mape,val_loss,val_mape
0.10169770568609238,22819.14453125,0.024668140336871147,39508.5625
0.025531385093927383,99703.5625,0.014725005254149437,76099.7734375
0.0162377767264843,100996.234375,0.01299759466201067,127429.9609375
