loss,mape,val_loss,val_mape
0.02254968136548996,209874.171875,0.01557885017246008,91.8134994506836
0.011214540340006351,77447.3125,0.013181599788367748,78.14332580566406
0.011075078509747982,57381.58203125,0.013788369484245777,82.849853515625
