loss,mape,val_loss,val_mape
0.05188284069299698,696008.1875,0.017542164772748947,145.2235870361328
0.01253312174230814,333560.875,0.015019680373370647,99.7704849243164
0.012697194702923298,298329.1875,0.010445557534694672,41.85554885864258
