loss,mape,val_loss,val_mape
0.01949218474328518,263124.09375,0.008348274044692516,49.1202392578125
0.00951398629695177,42906.20703125,0.008861986920237541,32.67184829711914
0.009043944999575615,52553.2734375,0.009403936564922333,37.97599792480469
