loss,mape,val_loss,val_mape
0.028324440121650696,158716.921875,0.014398116618394852,54.22139358520508
0.01122360024601221,57204.77734375,0.01931193843483925,46.9710807800293
0.010612377896904945,39063.8828125,0.010328798554837704,64.11293029785156
