loss,mape,val_loss,val_mape
0.033616334199905396,860482.125,0.013902074657380581,153.65455627441406
0.01369596365839243,280945.0625,0.010982412844896317,70.95811462402344
0.012092960067093372,239154.40625,0.012083707377314568,116.55461883544922
