loss,mape,val_loss,val_mape
0.020025702193379402,94891.6484375,0.010696657933294773,37.9771614074707
0.008836052380502224,30429.390625,0.011311552487313747,34.87441635131836
0.008513874374330044,32676.857421875,0.01041820552200079,45.95355987548828
