loss,mape,val_loss,val_mape
0.05367417633533478,485283.09375,0.020623672753572464,245.47650146484375
0.012718509882688522,127256.1171875,0.009075761772692204,121.73592376708984
0.009965136647224426,140843.671875,0.013278942555189133,180.23333740234375
