loss,mape,val_loss,val_mape
0.024022376164793968,100489.109375,0.012830285355448723,41.98372268676758
0.010260422714054585,58152.24609375,0.023136446252465248,79.97154235839844
0.010216079652309418,37710.34375,0.015332136303186417,48.84020233154297
