loss,mape,val_loss,val_mape
0.02568192034959793,589460.1875,0.0076773809269070625,73.37803649902344
0.007950777187943459,165659.09375,0.006470858585089445,42.007652282714844
0.007380669936537743,106808.2890625,0.0058247921988368034,45.78916931152344
