loss,mape,val_loss,val_mape
0.031654082238674164,907582.3125,0.023399105295538902,462850.6875
0.010542274452745914,238216.328125,0.010715069249272346,162602.78125
0.01019465271383524,214019.046875,0.014816359616816044,347142.4375
