loss,mape,val_loss,val_mape
0.029795344918966293,584242.0,0.010779495351016521,98.43158721923828
0.012361647561192513,155443.28125,0.008629660122096539,109.04010772705078
0.01167410146445036,111200.9296875,0.008073516190052032,69.00801849365234
