loss,mape,val_loss,val_mape
0.1343793421983719,33847.89453125,0.047301035374403,79.98570251464844
0.08170185983181,53663.203125,0.019755680114030838,57.133148193359375
0.05613980069756508,90294.78125,0.08632344007492065,81.0368423461914
