loss,mape,val_loss,val_mape
0.13149207830429077,184678.046875,0.011919855140149593,54.344512939453125
0.020091362297534943,47268.50390625,0.01103074662387371,31622.87109375
0.012579494155943394,65270.3671875,0.01849878951907158,42615.515625
