loss,mape,val_loss,val_mape
0.06699281185865402,81616.8359375,0.01665019802749157,74.6302490234375
0.01439492404460907,54441.578125,0.00373021699488163,19219.716796875
0.009787702932953835,81990.7890625,0.004152609035372734,12202.6220703125
