loss,mape,val_loss,val_mape
0.09983266144990921,130598.28125,0.02872062660753727,66.13142395019531
0.024268241599202156,47231.61328125,0.012773624621331692,13277.126953125
0.014764586463570595,85878.671875,0.015234489925205708,47651.31640625
