loss,mape,val_loss,val_mape
0.04778269678354263,272096.28125,0.007085744757205248,47.79231262207031
0.013340331614017487,151503.40625,0.012028414756059647,14443.6240234375
0.009371105581521988,191119.375,0.00688780564814806,268070.40625
