loss,mape,val_loss,val_mape
0.13086146116256714,13678.5205078125,0.12617908418178558,99.64093017578125
0.13286006450653076,99.4795150756836,0.12617908418178558,99.64093017578125
0.13286007940769196,99.4795150756836,0.12617908418178558,99.64093017578125
