loss,mape,val_loss,val_mape
0.11791463941335678,152754.953125,0.06317206472158432,86.35540771484375
0.033228401094675064,61391.39453125,0.00842619314789772,4141.22119140625
0.0165546964854002,90637.6953125,0.0062599522061645985,205994.328125
