loss,mape,val_loss,val_mape
0.0566362589597702,1337.9072265625,0.06118502467870712,98.65546417236328
0.05692286044359207,98.94662475585938,0.06118502467870712,98.65546417236328
0.05692284554243088,98.94483947753906,0.06118502467870712,98.65546417236328
