loss,mape,val_loss,val_mape
0.05315003916621208,515.610107421875,0.04997631534934044,97.81512451171875
0.05266881734132767,98.32698822021484,0.04997631534934044,97.81512451171875
0.052668824791908264,98.32698822021484,0.04997631534934044,97.81512451171875
