loss,mape,val_loss,val_mape
0.07969069480895996,101.20995330810547,0.07420189678668976,99.49579620361328
0.07939190417528152,29068.173828125,0.03175089508295059,81.93402099609375
0.030973512679338455,64851.125,0.01500590518116951,74208.625
