loss,mape,val_loss,val_mape
0.09924923628568649,101.07300567626953,0.10203224420547485,99.81452941894531
0.046049270778894424,17394.671875,0.005789627321064472,25673.634765625
0.009786081500351429,14058.689453125,0.008334570564329624,14403.8486328125
