loss,mape,val_loss,val_mape
0.23333491384983063,79848.8125,0.013552196323871613,56.8376579284668
0.04086533188819885,140303.515625,0.07468781620264053,115.2437515258789
0.03486495837569237,21658.22265625,0.07450219988822937,113.98585510253906
