loss,mape,val_loss,val_mape
0.06141696870326996,6232.91259765625,0.007687626406550407,36.12943649291992
0.014749904163181782,58521.65234375,0.010132060386240482,40.36893081665039
0.009884464554488659,73250.0390625,0.006651739124208689,31.789413452148438
