loss,mape,val_loss,val_mape
0.08919212967157364,82391.8359375,0.04230903834104538,73.43863677978516
0.02518506534397602,43518.21875,0.009048418141901493,45.175506591796875
0.014542653225362301,81691.6328125,0.020437249913811684,182935.125
