loss,mape,val_loss,val_mape
0.131301149725914,159063.875,0.13376639783382416,99.32659912109375
0.13084715604782104,98.91901397705078,0.13376639783382416,99.32659912109375
0.13084712624549866,98.91901397705078,0.13376639783382416,99.32659912109375
