loss,mape,val_loss,val_mape
0.0949900671839714,45318.34375,0.014129821211099625,48.734230041503906
0.02558913081884384,15408.8046875,0.006472378503531218,35.975276947021484
0.016341298818588257,42902.7265625,0.019704334437847137,48.985267639160156
