loss,mape,val_loss,val_mape
0.08147862553596497,4326390.5,0.025556569918990135,3045811.0
0.01560524757951498,1783208.25,0.00581055274233222,462210.78125
0.010027606971561909,1690556.875,0.011115891858935356,1835845.25
