loss,mape,val_loss,val_mape
0.09508172422647476,98317.0859375,0.029449276626110077,71.22822570800781
0.025035591796040535,77124.1640625,0.009995113126933575,36.350990295410156
0.014993696473538876,98607.109375,0.010058374144136906,36.98092269897461
