loss,mape,val_loss,val_mape
0.045073170214891434,411381.65625,0.014634717255830765,114.68256378173828
0.02127898670732975,320258.4375,0.010841526091098785,133.1665496826172
0.01766052655875683,244869.015625,0.009817388840019703,64.77681732177734
