loss,mape,val_loss,val_mape
0.04750675708055496,272058.84375,0.012429083697497845,149.52151489257812
0.022441169247031212,120705.40625,0.009089180268347263,64.19624328613281
0.01815290004014969,85971.8359375,0.008149695582687855,76.22633361816406
