loss,mape,val_loss,val_mape
0.0498276986181736,151364.84375,0.0403587706387043,593.1717529296875
0.028459658846259117,146281.90625,0.018224775791168213,133.42568969726562
0.02058040350675583,77896.4296875,0.021540729328989983,247.80340576171875
