loss,mape,val_loss,val_mape
0.028673548251390457,5490708.0,0.013318566605448723,3985303.0
0.016841044649481773,3469859.25,0.008851931430399418,3512430.0
0.012615141458809376,2750852.25,0.009167435579001904,2868326.75
