loss,mape,val_loss,val_mape
0.08954109251499176,376752.46875,0.029352795332670212,217.40553283691406
0.049045126885175705,438277.71875,0.027419166639447212,213.87783813476562
0.05036807432770729,86721.8125,0.03418079763650894,258.60546875
