loss,mape,val_loss,val_mape
0.05225696787238121,264617.8125,0.10817155241966248,453.08441162109375
0.026000672951340675,163348.734375,0.052773572504520416,59.096290588378906
0.018771274015307426,83488.8671875,0.009087459184229374,61.64552688598633
