loss,mape,val_loss,val_mape
0.035663701593875885,90717.3515625,0.014867558144032955,179.96897888183594
0.020615283399820328,70655.046875,0.01941864565014839,56.85871505737305
0.015192260965704918,91125.390625,0.012360325083136559,114.79780578613281
