loss,mape,val_loss,val_mape
0.04642370715737343,196106.984375,0.01149696297943592,116.50189208984375
0.020943470299243927,139722.375,0.012981748208403587,96.62619018554688
0.01657826267182827,98817.0625,0.00917499978095293,41.38473892211914
