loss,mape,val_loss,val_mape
0.05389431491494179,415321.0,0.027800755575299263,1337246.0
0.033324263989925385,375582.09375,0.03115924261510372,363848.3125
0.023001616820693016,213622.375,0.013223638758063316,709180.25
