loss,mape,val_loss,val_mape
0.02395736612379551,295809.5625,0.010197724215686321,59.55366897583008
0.012318134307861328,80628.171875,0.010533081367611885,58.97066879272461
0.011785835027694702,77490.546875,0.010821936652064323,53.38872528076172
