loss,mape,val_loss,val_mape
0.0559491291642189,547093.3125,0.024078816175460815,202.25433349609375
0.013480248861014843,266565.375,0.0126745430752635,100.94120025634766
0.012432048097252846,288869.09375,0.010900183580815792,37.99152755737305
