loss,mape,val_loss,val_mape
0.022186705842614174,295125.40625,0.009224681183695793,53.04948806762695
0.011066901497542858,76912.7109375,0.010585055686533451,34.72673797607422
0.010851631872355938,63366.1015625,0.009167530573904514,40.77657699584961
