loss,mape,val_loss,val_mape
0.032737016677856445,166038.703125,0.014194884337484837,117.79334259033203
0.014637589454650879,64164.66015625,0.013622898608446121,110.33634185791016
0.013725820928812027,70082.515625,0.013230470940470695,98.27800750732422
