loss,mape,val_loss,val_mape
0.02779078297317028,341869.875,0.011909086257219315,115.55903625488281
0.014130020514130592,141148.703125,0.011595542542636395,110.43094635009766
0.01341954804956913,107138.0078125,0.010572923347353935,96.9623031616211
