loss,mape,val_loss,val_mape
0.01716887392103672,186690.28125,0.00738794170320034,44.93012619018555
0.007945362478494644,45497.203125,0.00933135487139225,95.6404037475586
0.007609362248331308,39095.078125,0.006094201467931271,59.833152770996094
