loss,mape,val_loss,val_mape
0.022102415561676025,125262.453125,0.012662181630730629,37.04300308227539
0.009586540050804615,36356.47265625,0.007935697212815285,33.26911926269531
0.008914001286029816,33878.1875,0.010144746862351894,59.7030143737793
