loss,mape,val_loss,val_mape
0.021322835236787796,617127.5,0.01099693588912487,1018858.625
0.009819172322750092,355155.5625,0.00898324977606535,1167620.5
0.009557860903441906,316156.5625,0.009338680654764175,1188041.375
