loss,mape,val_loss,val_mape
0.058232422918081284,501066.40625,0.023510979488492012,245.6166534423828
0.014817138202488422,182246.015625,0.008591924794018269,83.52117156982422
0.009852658957242966,91957.5546875,0.012004637159407139,67.92021179199219
