loss,mape,val_loss,val_mape
0.045050136744976044,2569703.5,0.020735645666718483,2552373.75
0.019861796870827675,706738.125,0.018799593672156334,1670171.875
0.018894152715802193,574635.875,0.020275957882404327,1368746.0
