loss,mape,val_loss,val_mape
0.03560216352343559,1237735.0,0.020379621535539627,86.00345611572266
0.012276685796678066,342243.90625,0.012402642518281937,75.51419067382812
0.011250167153775692,269709.84375,0.017322158440947533,194.45533752441406
