loss,mape,val_loss,val_mape
0.02364465966820717,181592.984375,0.010716157965362072,64.52789306640625
0.011631062254309654,77975.8828125,0.010341724380850792,39.33888244628906
0.011282380670309067,72584.6171875,0.012462918646633625,81.88499450683594
