loss,mape,val_loss,val_mape
0.05338383466005325,774016.4375,0.011763129383325577,114.98249816894531
0.013643364422023296,302587.59375,0.009968503378331661,67.68085479736328
0.012674295343458652,294017.03125,0.009598524309694767,55.337242126464844
