loss,mape,val_loss,val_mape
0.02462567389011383,509126.46875,0.019545484334230423,244.83544921875
0.011328496970236301,268959.34375,0.012060805223882198,185.1236114501953
0.010809777304530144,251282.578125,0.01083868183195591,79.03854370117188
