loss,mape,val_loss,val_mape
0.03124254383146763,720078.3125,0.011242309585213661,1232094.5
0.011344683356583118,324003.84375,0.01154258381575346,806197.1875
0.010747975669801235,357290.75,0.01079197321087122,827465.9375
