loss,mape,val_loss,val_mape
0.028859928250312805,163081.546875,0.012353207916021347,111.39675903320312
0.012218458577990532,52240.9921875,0.01318227220326662,61.02835464477539
0.011335805989801884,68912.6015625,0.014046378433704376,76.18267059326172
