loss,mape,val_loss,val_mape
0.024866167455911636,346132.96875,0.012471136637032032,99.58663177490234
0.011345339938998222,167765.953125,0.01439255103468895,77.75494384765625
0.01044660247862339,147282.921875,0.008833709172904491,53.11653137207031
