loss,mape,val_loss,val_mape
0.023116035386919975,436975.65625,0.01096910610795021,135.4823455810547
0.011049284599721432,177151.890625,0.008200934156775475,78.56448364257812
0.010539630427956581,169853.375,0.007894536480307579,55.98147964477539
