loss,mape,val_loss,val_mape
0.015267272479832172,93757.9765625,0.010966313071548939,95.3045883178711
0.00759529136121273,58322.36328125,0.008163955062627792,51.3017463684082
0.007135805208235979,55729.64453125,0.008413751609623432,46.62189483642578
