loss,mape,val_loss,val_mape
0.020760761573910713,117922.4140625,0.007983720861375332,62.779850006103516
0.009166582487523556,40534.12109375,0.010101936757564545,97.33949279785156
0.008682587184011936,42259.01953125,0.008168471045792103,40.62533950805664
