loss,mape,val_loss,val_mape
0.02097756415605545,718770.5,0.009928163141012192,386814.4375
0.009499622508883476,409284.4375,0.011563107371330261,352486.84375
0.00933130644261837,349541.9375,0.010417941026389599,631647.0
