loss,mape,val_loss,val_mape
0.053735703229904175,509722.90625,0.025895699858665466,152.0131378173828
0.014672921970486641,247913.640625,0.007341617718338966,70.53965759277344
0.009481445886194706,94798.96875,0.00833879504352808,49.696834564208984
