loss,mape,val_loss,val_mape
0.024063579738140106,190034.734375,0.00785150472074747,69.18363952636719
0.009420138783752918,62302.89453125,0.006557257380336523,85.23680114746094
0.009075650945305824,61428.11328125,0.007192840799689293,60.74252700805664
