loss,mape,val_loss,val_mape
0.020207324996590614,416412.90625,0.008823005482554436,112313.859375
0.009503493085503578,120211.1953125,0.009029936976730824,108648.984375
0.008851462975144386,116202.265625,0.00859577115625143,32599.109375
