loss,mape,val_loss,val_mape
0.02100186236202717,166727.515625,0.008652736432850361,39.19960403442383
0.009500356391072273,88586.6484375,0.008165890350937843,41.125633239746094
0.009020808152854443,77326.953125,0.009365621954202652,32.18095397949219
