loss,mape,val_loss,val_mape
0.03293158486485481,1180794.5,0.014879544265568256,82.138671875
0.011249987408518791,307235.25,0.011184077709913254,82.19316101074219
0.010919722728431225,320725.84375,0.012759157456457615,46.70214080810547
