loss,mape,val_loss,val_mape
0.033843282610177994,14901927.0,0.016348615288734436,9402650.0
0.01490893866866827,7328260.5,0.013510815799236298,7668827.0
0.012554938904941082,6388564.0,0.014849269762635231,4217528.0
